x, y, z, yaw
-3.55471, 0.220371, -0.654082, 0
-3.55276, 0.219748, -0.653861, 0
-3.55349, 0.220112, -0.653959, 0
-3.57925, 0.221569, -0.65844, 0
-3.79019, 4.31782, -0.706657, 0
-3.7979, 4.32642, -0.707772, 0
-3.5738, 0.221329, -0.658095, 0
-3.56751, 0.220991, -0.656114, 0
-3.56041, 0.22055, -0.655168, 0
-3.81632, 4.34675, -0.710985, 0
-3.56521, 0.220695, -0.656175, 0
-3.81224, 4.34235, -0.710414, 0
-3.56455, 0.220519, -0.655839, 0
-3.56798, 0.220919, -0.656688, 0
-3.78751, 4.31483, -0.706434, 0
-3.5594, 0.220303, -0.654779, 0
-3.79866, 4.32732, -0.708462, 0
-3.56236, 0.220656, -0.65533, 0
-3.77239, 4.29834, -0.703157, 0
-3.56936, 0.221119, -0.656562, 0
-3.5718, 0.221336, -0.657101, 0
-3.79738, 4.32617, -0.70761, 0
-3.56362, 0.220495, -0.655407, 0
-3.81484, 4.34548, -0.711141, 0
-3.79591, 4.32429, -0.708184, 0
-3.55899, 0.220241, -0.654794, 0
-3.8039, 4.33341, -0.709241, 0
-3.56951, 0.220909, -0.656745, 0
-3.56925, 0.220985, -0.656501, 0
-3.55676, 0.220571, -0.654625, 0
-3.58679, 0.222222, -0.659533, 0
-3.56585, 0.220965, -0.655715, 0
-3.59286, 0.222563, -0.660724, 0
-3.55812, 0.220314, -0.654124, 0
-3.5631, 0.220641, -0.655223, 0
-3.76734, 4.29241, -0.702066, 0
-3.55523, 0.220443, -0.654393, 0
-3.80885, 4.3385, -0.709067, 0
-3.79489, 4.32278, -0.706376, 0
-3.58593, 0.222007, -0.659688, 0
-3.79362, 4.32166, -0.706676, 0
-3.57945, 0.221564, -0.658689, 0
-3.81401, 4.34441, -0.709976, 0
-3.56358, 0.220421, -0.655489, 0
-3.80732, 4.33698, -0.708431, 0
-3.82178, 4.35257, -0.711034, 0
-3.79036, 4.31822, -0.705696, 0
-3.81187, 4.34205, -0.709677, 0
-3.80809, 4.33798, -0.708715, 0
-3.54624, 0.219621, -0.651912, 0
-3.56096, 0.219912, -0.654456, 0
-3.53489, 0.218618, -0.64956, 0
-3.54462, 0.219267, -0.651646, 0
-3.78125, 4.31163, -0.703347, 0
-3.54538, 0.219511, -0.6516, 0
-3.54591, 0.219374, -0.652017, 0
-3.80485, 4.33434, -0.70859, 0
-3.81406, 4.34395, -0.710119, 0
-3.80901, 4.33917, -0.709477, 0
-3.8064, 4.3358, -0.708717, 0
-3.78999, 4.31774, -0.706663, 0
-3.55015, 0.219596, -0.652916, 0
-3.56777, 0.221001, -0.656396, 0
-3.55972, 0.220463, -0.654877, 0
-3.80597, 4.33563, -0.710491, 0
-3.55217, 0.220329, -0.653779, 0
-3.80568, 4.33494, -0.710106, 0
-3.56575, 0.220877, -0.65624, 0
-3.59929, 0.222193, -0.661667, 0
-3.8202, 4.35119, -0.712044, 0
-3.81894, 4.35, -0.711729, 0
-3.78463, 4.31152, -0.705091, 0
-3.56796, 0.220883, -0.656403, 0
-3.55656, 0.220078, -0.654326, 0
-3.80254, 4.33133, -0.708584, 0
-3.56981, 0.220855, -0.656051, 0
-3.81771, 4.34826, -0.710485, 0
-3.81059, 4.34026, -0.708714, 0
-3.81846, 4.34897, -0.709804, 0
-3.57304, 0.220414, -0.657005, 0
-3.82405, 4.355, -0.711101, 0
-3.83683, 4.36935, -0.713308, 0
-3.80709, 4.33612, -0.70806, 0
-3.81869, 4.34956, -0.71018, 0
-3.79539, 4.32356, -0.706272, 0
-3.81659, 4.34733, -0.70981, 0
-3.55354, 0.219684, -0.653882, 0
-3.54866, 0.219397, -0.652815, 0
-3.55761, 0.220096, -0.654502, 0
-3.54332, 0.219454, -0.652061, 0
-3.80208, 4.33121, -0.707595, 0
-3.57793, 0.219455, -0.656156, 0
-3.77208, 4.31884, -0.711043, 0
-3.59021, 0.265703, -0.675327, 0
-3.6934, 4.35097, -0.712975, 0
-3.55161, 0.336926, -0.681834, 0
-3.572, 0.338147, -0.696868, 0
-3.53896, 0.354594, -0.706461, 0
-3.49519, 0.387169, -0.731561, 0
-3.4893, 0.431339, -0.750551, 0
-3.46574, 0.475759, -0.764883, 0
-3.48697, 0.515862, -0.786334, 0
-3.43382, 0.558923, -0.793161, 0
-3.36559, 0.570188, -0.788456, 0
-3.28144, 0.563874, -0.782133, 0
-3.29547, 0.53903, -0.788658, 0
-3.24411, 0.480659, -0.778682, 0
-3.23418, 0.364581, -0.778757, 0
-3.29493, 4.37299, -0.798626, 0
-3.26028, 4.28124, -0.788973, 0
-3.24488, 4.21599, -0.78516, 0
-3.21677, 4.15374, -0.776416, 0
-3.19813, 4.1012, -0.769062, 0
-2.97916, -0.0533785, -0.730019, 0
-2.82627, -0.080119, -0.692802, 0
-3.10112, 3.99425, -0.722485, 0
-3.04831, 4.02684, -0.698812, 0
-2.69011, -0.0845988, -0.65606, 0
-2.63763, -0.0875586, -0.640639, 0
-2.59836, -0.0974633, -0.629337, 0
-2.5576, -0.126993, -0.614685, 0
-2.51531, -0.136407, -0.601416, 0
-2.48839, -0.137843, -0.592197, 0
-2.43109, -0.13247, -0.576927, 0
-2.38817, -0.136099, -0.566878, 0
-2.32791, -0.116051, -0.550035, 0
-2.29356, -0.0971241, -0.544765, 0
-2.24878, -0.0771507, -0.532662, 0
-2.21206, -0.0588241, -0.520931, 0
-2.17029, -0.0328589, -0.508631, 0
-2.13769, -0.0129649, -0.50362, 0
-2.09743, -0.00289883, -0.493181, 0
-2.04238, -0.0040168, -0.48074, 0
-1.97157, -0.00645958, -0.463176, 0
-1.93669, -0.0157148, -0.45815, 0
-1.89984, -0.034014, -0.451904, 0
-1.83515, -0.0681854, -0.438215, 0
-1.78459, -0.0883389, -0.428619, 0
-1.7295, -0.114748, -0.417619, 0
-1.70883, -0.123322, -0.413606, 0
-1.64973, -0.1441, -0.402193, 0
-1.58795, -0.165869, -0.384974, 0
-1.55178, -0.175753, -0.381385, 0
-1.51125, -0.182755, -0.371935, 0
-1.47187, -0.177969, -0.367702, 0
-1.42762, -0.161713, -0.358256, 0
-1.39091, -0.14144, -0.354759, 0
-1.35557, -0.123999, -0.346398, 0
-1.31067, -0.0971321, -0.341707, 0
-1.29404, -0.0927323, -0.338272, 0
-1.25726, -0.104734, -0.332812, 0
-1.21852, -0.126533, -0.322151, 0
-1.18931, -0.142294, -0.317322, 0
-1.15, -0.163153, -0.310615, 0
-1.1055, -0.182813, -0.303564, 0
-1.07677, -0.198809, -0.29932, 0
-1.05031, -0.213003, -0.295877, 0
-1.01064, -0.23704, -0.289511, 0
-0.984756, -0.252731, -0.285357, 0
-0.956583, -0.264367, -0.279378, 0
-0.923111, -0.277065, -0.273131, 0
-0.9095, -0.282048, -0.271127, 0
-0.893385, -0.279424, -0.267597, 0
-0.876206, -0.257748, -0.263391, 0
-0.865533, -0.228489, -0.260579, 0
-0.859758, -0.210906, -0.25763, 0
-0.854589, -0.200529, -0.253656, 0
-0.847599, -0.197827, -0.251925, 0
-0.845887, -0.201458, -0.247645, 0
-0.847848, -0.200122, -0.242096, 0
-0.852026, -0.196196, -0.239645, 0
-0.855161, -0.190373, -0.239031, 0
-0.858785, -0.187252, -0.237431, 0
-0.860933, -0.190215, -0.237825, 0
-0.861374, -0.200615, -0.237378, 0
-0.861486, -0.220422, -0.236508, 0
-0.861812, -0.251566, -0.235548, 0
-0.859432, -0.294753, -0.233516, 0
-0.857005, -0.348739, -0.231343, 0
-0.850914, -0.401012, -0.228558, 0
-0.849407, -0.440084, -0.227136, 0
-0.854033, -0.482347, -0.224425, 0
-0.859544, -0.511375, -0.222917, 0
-0.862795, -0.559999, -0.220031, 0
-0.864189, -0.596954, -0.220706, 0
-0.863173, -0.652966, -0.22011, 0
-0.815933, 0.740763, -0.252249, 0
-0.816752, 0.704807, -0.251855, 0
-0.815678, 0.6655, -0.252008, 0
-0.815583, 0.628772, -0.251589, 0
-0.815834, 0.590668, -0.250828, 0
-0.816118, 0.55445, -0.249657, 0
-0.815445, 0.521834, -0.248446, 0
-0.817119, 0.488022, -0.246855, 0
-0.817201, 0.456108, -0.245708, 0
-0.818984, 0.421251, -0.24472, 0
-0.817906, 0.384952, -0.244678, 0
-0.817539, 0.345921, -0.245299, 0
-0.816218, 0.281587, -0.244912, 0
-0.815926, 0.214962, -0.243364, 0
-0.815756, 0.174086, -0.242071, 0
-0.814548, 0.138358, -0.241023, 0
-0.81562, 0.104939, -0.239692, 0
-0.817012, 0.070498, -0.237771, 0
-0.82184, 0.037943, -0.23688, 0
-0.826022, 0.00593619, -0.2363, 0
-0.833023, -0.0208011, -0.236663, 0
-0.835386, -0.0351067, -0.235944, 0
-0.842981, -0.0692778, -0.233069, 0
-0.847784, -0.105363, -0.233356, 0
-0.848916, -0.147196, -0.233272, 0
-0.851913, -0.195787, -0.232272, 0
-0.851974, -0.248971, -0.231172, 0
-0.850247, -0.304887, -0.230165, 0
-0.849055, -0.360277, -0.229096, 0
-0.84647, -0.410046, -0.228544, 0
-0.84724, -0.451946, -0.228638, 0
-0.847896, -0.492165, -0.228315, 0
-0.849656, -0.530881, -0.228714, 0
-0.851041, -0.569179, -0.228648, 0
-0.852171, -0.610512, -0.229888, 0
-0.846667, -0.649694, -0.230278, 0
-0.836693, 1.08207, -0.248244, 0
-0.837198, 1.04744, -0.248269, 0
-0.835792, 1.01558, -0.247887, 0
-0.836643, 0.977919, -0.249134, 0
-0.836944, 0.936694, -0.249355, 0
-0.839607, 0.891113, -0.250587, 0
-0.844188, 0.846173, -0.250962, 0
-0.846934, 0.806448, -0.249578, 0
-0.849538, 0.77625, -0.248643, 0
-0.851832, 0.751043, -0.247473, 0
-0.854364, 0.727306, -0.245753, 0
-0.855489, 0.707451, -0.244688, 0
-0.857517, 0.691282, -0.243392, 0
-0.860934, 0.676031, -0.24211, 0
-0.861057, 0.659292, -0.24187, 0
-0.865981, 0.645883, -0.241296, 0
-0.86771, 0.630382, -0.239399, 0
-0.87476, 0.624268, -0.237166, 0
-0.880426, 0.619995, -0.235064, 0
-0.883025, 0.620763, -0.234436, 0
-0.888341, 0.628197, -0.233855, 0
-0.893934, 0.634032, -0.232924, 0
-0.946893, 0.603041, -0.226307, 0
-0.979796, 0.570829, -0.225371, 0
-1.03432, 0.550984, -0.22927, 0
-1.057, 0.527637, -0.230297, 0
-1.08354, 0.506787, -0.232633, 0
-1.10553, 0.482947, -0.232955, 0
-1.13002, 0.461235, -0.235327, 0
-1.15277, 0.435177, -0.236177, 0
-1.17741, 0.409448, -0.2392, 0
-1.19876, 0.381942, -0.243301, 0
-1.22039, 0.36297, -0.246313, 0
-1.2453, 0.356695, -0.250945, 0
-1.26937, 0.361688, -0.255236, 0
-1.28456, 0.376114, -0.258133, 0
-1.31999, 0.39825, -0.265362, 0
-1.34082, 0.419823, -0.268212, 0
-1.36878, 0.433467, -0.272604, 0
-1.41603, 0.429165, -0.28082, 0
-1.44357, 0.40498, -0.284764, 0
-1.46199, 0.379482, -0.286933, 0
-1.49124, 0.365586, -0.291964, 0
-1.517, 0.349915, -0.296732, 0
-1.53847, 0.335268, -0.299578, 0
-1.56743, 0.326769, -0.30504, 0
-1.59811, 0.318819, -0.309899, 0
-1.6299, 0.307942, -0.314738, 0
-1.65036, 0.297637, -0.317492, 0
-1.67243, 0.290611, -0.321675, 0
-1.69311, 0.282749, -0.326498, 0
-1.71938, 0.280212, -0.331749, 0
-1.73839, 0.27836, -0.335885, 0
-1.77431, 0.294517, -0.343843, 0
-1.79036, 0.322237, -0.348678, 0
-1.83412, 0.36358, -0.357821, 0
-1.85951, 0.399468, -0.36247, 0
-1.89828, 0.431052, -0.369059, 0
-1.91528, 0.438507, -0.373187, 0
-1.9589, 0.442292, -0.379487, 0
-1.9882, 0.455906, -0.383143, 0
-2.02867, 0.473161, -0.391254, 0
-2.05989, 0.485698, -0.395461, 0
-2.08294, 0.490776, -0.397689, 0
-2.11147, 0.488339, -0.402514, 0
-2.14336, 0.48541, -0.407996, 0
-2.15662, 0.473429, -0.411023, 0
-2.18855, 0.462599, -0.415516, 0
-2.21627, 0.445766, -0.420023, 0
-2.25082, 0.428437, -0.425294, 0
-2.26285, 0.415687, -0.429086, 0
-2.30941, 0.38726, -0.438839, 0
-2.33106, 0.366838, -0.444125, 0
-2.35338, 0.354669, -0.447523, 0
-2.37674, 0.344523, -0.453561, 0
-2.38826, 0.333332, -0.456803, 0
-2.42296, 0.327815, -0.463614, 0
-2.43002, 0.32152, -0.463336, 0
-2.44598, 0.323332, -0.465792, 0
-2.48057, 0.336268, -0.471195, 0
-2.51945, 0.361375, -0.476479, 0
-2.5507, 0.386343, -0.482479, 0
-2.56316, 0.400526, -0.483174, 0
-2.58417, 0.40686, -0.48678, 0
-2.6332, 0.399658, -0.493231, 0
-2.64327, 0.381497, -0.494417, 0
-2.68417, 0.370112, -0.501409, 0
-2.69197, 0.350888, -0.501209, 0
-2.69774, 0.330206, -0.501577, 0
-2.73199, 0.32627, -0.508677, 0
-2.74558, 0.32947, -0.510052, 0
-2.76994, 0.327908, -0.514988, 0
-2.82721, 0.335672, -0.523943, 0
-2.86198, 0.350051, -0.531156, 0
-2.87093, 0.364064, -0.53487, 0
-2.88596, 0.387378, -0.539981, 0
-2.93558, 0.42759, -0.552302, 0
-2.96279, 0.487686, -0.558549, 0
-2.98457, 0.550542, -0.561527, 0
-3.02603, 0.621582, -0.566355, 0
-3.06213, 0.637598, -0.569338, 0
-3.05635, 0.634194, -0.565327, 0
-3.12122, 0.639241, -0.572474, 0
-3.10373, 0.630353, -0.568291, 0
-3.19295, 0.637903, -0.581592, 0
-3.23631, 0.63016, -0.588759, 0
-3.20172, 0.624559, -0.581649, 0
-3.29292, 0.649574, -0.602118, 0
-3.26817, 0.637846, -0.602828, 0
-3.3275, 0.649877, -0.616393, 0
-3.29963, 0.667357, -0.617509, 0
-3.31535, 0.696297, -0.621905, 0
-3.40195, 0.761712, -0.641109, 0
-3.4173, 0.800216, -0.646486, 0
-3.37823, 0.815749, -0.641499, 0
-3.41384, 0.868349, -0.650548, 0
-3.48096, 0.918639, -0.664399, 0
-3.48859, 0.956434, -0.663657, 0
-3.50419, 0.955311, -0.664507, 0
-3.48877, 0.942091, -0.661024, 0
-3.51001, 0.930464, -0.662161, 0
-3.57083, 0.923541, -0.67106, 0
-3.56841, 0.900866, -0.669923, 0
-3.576, 0.894881, -0.670653, 0
-3.64151, 0.926304, -0.686089, 0
-3.63207, 0.947408, -0.688362, 0
-3.64264, 1.01585, -0.693712, 0
-3.62882, 1.05927, -0.695748, 0
-3.6463, 1.10008, -0.702593, 0
-3.70388, 1.13002, -0.713032, 0
-3.66471, 1.07351, -0.702967, 0
-3.70537, 1.04586, -0.707549, 0
-3.72649, 0.987583, -0.709736, 0
-3.68372, 0.858877, -0.701029, 0
-3.72891, 0.785999, -0.718095, 0
-3.68443, 0.674866, -0.718106, 0
-3.67334, 0.508289, -0.73408, 0
-3.62702, 0.370435, -0.73013, 0
-3.62456, 0.262791, -0.723837, 0
-3.59424, 0.168968, -0.724538, 0
-3.57304, 0.156428, -0.718952, 0
-3.59717, 0.166833, -0.717336, 0
-3.60175, 0.161737, -0.716625, 0
-3.58384, 0.156502, -0.712378, 0
-3.63212, 0.17848, -0.717508, 0
-3.63505, 0.228322, -0.714774, 0
-3.6973, 0.366832, -0.721681, 0
-3.69926, 0.476285, -0.718832, 0
-3.69671, 0.600725, -0.716625, 0
-3.74396, 0.768642, -0.723432, 0
-3.75326, 0.841255, -0.72419, 0
-3.75592, 0.910511, -0.723896, 0
-3.78451, 1.05413, -0.73036, 0
-3.7621, 1.16182, -0.725476, 0
-3.7945, 1.28785, -0.731922, 0
-3.7828, 1.41632, -0.732482, 0
-3.79229, 1.46292, -0.735754, 0
-3.80607, 1.48089, -0.738748, 0
-3.78126, 1.50164, -0.731182, 0
-3.80149, 1.55814, -0.73469, 0
-3.41962, -2.49879, -0.740978, 0
-3.42425, -2.36952, -0.734397, 0
-3.46272, -2.28138, -0.7365, 0
-3.77766, 1.91609, -0.721034, 0
-3.51201, -2.07636, -0.724991, 0
-3.84622, 2.11239, -0.719013, 0
-3.80821, 2.1463, -0.705345, 0
-3.81891, 2.21364, -0.699375, 0
-3.52266, -1.87134, -0.683101, 0
-3.4938, -1.87487, -0.669074, 0
-3.90562, 2.23468, -0.697519, 0
-3.43374, -1.88095, -0.646118, 0
-3.95528, 2.25975, -0.703369, 0
-3.44471, -1.85099, -0.648809, 0
-3.43758, -1.82081, -0.646953, 0
-3.4095, -1.79938, -0.641777, 0
-3.9835, 2.3259, -0.714841, 0
-3.96633, 2.31216, -0.711462, 0
-3.37953, -1.79967, -0.627962, 0
-3.3672, -1.7963, -0.625017, 0
-3.32087, -1.77394, -0.617837, 0
-3.35935, -1.7532, -0.6313, 0
-4.00558, 2.39334, -0.723329, 0
-4.0463, 2.51888, -0.730631, 0
-3.36321, -1.53218, -0.632251, 0
-4.06554, 2.60809, -0.735683, 0
-3.32135, -1.47649, -0.618088, 0
-3.30811, -1.48784, -0.612756, 0
-4.0956, 2.55136, -0.738291, 0
-4.08869, 2.50891, -0.737234, 0
-3.24934, -1.53637, -0.599457, 0
-3.26539, -1.52922, -0.601502, 0
-3.27435, -1.44325, -0.602397, 0
-3.29948, -1.35808, -0.607317, 0
-4.12297, 2.81613, -0.758477, 0
-4.1066, 2.90981, -0.758857, 0
-3.31958, -1.13279, -0.606889, 0
-3.30108, -1.13375, -0.601363, 0
-4.15521, 2.96059, -0.776689, 0
-4.188, 3.00206, -0.785916, 0
-3.31496, -1.02526, -0.597954, 0
-3.35345, -0.945359, -0.602808, 0
-3.33675, -0.844522, -0.599617, 0
-4.10379, 3.39147, -0.778497, 0
-3.38124, -0.643991, -0.603445, 0
-3.37324, -0.576017, -0.600018, 0
-4.08715, 3.6223, -0.772472, 0
-4.05675, 3.68268, -0.764782, 0
-3.44583, -0.319733, -0.605676, 0
-4.00402, 3.91852, -0.764061, 0
-3.94559, 3.99896, -0.765412, 0
-3.48428, -0.0402648, -0.621342, 0
-3.93836, 4.06551, -0.806794, 0
-3.94773, 4.00553, -0.829014, 0
-3.47496, -0.180755, -0.624121, 0
-3.45903, -0.214404, -0.627629, 0
-3.43276, -0.200438, -0.62981, 0
-3.41386, -0.188263, -0.643581, 0
-3.92684, 3.9112, -0.86516, 0
-3.35953, -0.20423, -0.672167, 0
-3.34383, -0.208126, -0.693502, 0
-3.82207, 3.92584, -0.903685, 0
-3.28838, -0.156327, -0.732277, 0
-3.25418, -0.123756, -0.745044, 0
-3.66991, 4.0137, -0.902459, 0
-3.21587, -0.0776918, -0.75277, 0
-3.15209, -0.0410469, -0.743513, 0
-3.12825, -0.0210559, -0.743008, 0
-3.45115, 4.09692, -0.85447, 0
-3.44697, 4.15164, -0.851226, 0
-3.41534, 4.1681, -0.840477, 0
-2.98505, 0.0464123, -0.704202, 0
-3.30009, 4.16186, -0.807562, 0
-3.25063, 4.15203, -0.794447, 0
-3.22215, 4.1593, -0.784569, 0
-3.179, 4.10464, -0.772802, 0
-2.81422, -0.0229684, -0.660669, 0
-3.13525, 4.03337, -0.754571, 0
-2.71931, -0.0923962, -0.631102, 0
-2.69522, -0.120506, -0.626539, 0
-3.0708, 3.93059, -0.72665, 0
-3.03676, 3.892, -0.717539, 0
-2.53578, -0.225935, -0.587212, 0
-2.4779, -0.246075, -0.578713, 0
-2.93889, 3.8613, -0.704616, 0
-2.88263, 3.84137, -0.693438, 0
-2.36429, -0.252026, -0.556531, 0
-2.31351, -0.230228, -0.544101, 0
-2.2929, -0.215953, -0.536, 0
-2.24933, -0.20101, -0.525069, 0
-2.21812, -0.190577, -0.519115, 0
-2.19129, -0.187197, -0.511785, 0
-2.13323, -0.178747, -0.501017, 0
-2.10946, -0.176486, -0.492994, 0
-2.04575, -0.178552, -0.482324, 0
-2.02284, -0.180636, -0.476783, 0
-1.98299, -0.194101, -0.467197, 0
-1.92839, -0.217985, -0.456228, 0
-1.88996, -0.230351, -0.445644, 0
-1.85966, -0.240225, -0.441159, 0
-1.81078, -0.256177, -0.430727, 0
-1.78024, -0.269704, -0.424485, 0
-1.74948, -0.285653, -0.417749, 0
-1.70619, -0.30023, -0.40525, 0
-1.68164, -0.290403, -0.404229, 0
-1.6514, -0.283765, -0.399336, 0
-1.61643, -0.248008, -0.389545, 0
-1.58793, -0.228393, -0.38811, 0
-1.55139, -0.225388, -0.381031, 0
-1.52954, -0.225413, -0.373956, 0
-1.49808, -0.222686, -0.370027, 0
-1.46894, -0.230904, -0.361007, 0
-1.44654, -0.235162, -0.358401, 0
-1.42689, -0.237639, -0.3544, 0
-1.39874, -0.238871, -0.344936, 0
-1.38589, -0.237833, -0.343941, 0
-1.37069, -0.238207, -0.336672, 0
-1.36245, -0.241585, -0.322269, 0
-1.35917, -0.24184, -0.313111, 0
-1.35669, -0.238946, -0.307629, 0
-1.36375, -0.234978, -0.298181, 0
-1.36977, -0.217817, -0.289382, 0
-1.37478, -0.207079, -0.287137, 0
-1.38517, -0.189366, -0.287535, 0
-1.39145, -0.197382, -0.288606, 0
-1.39411, -0.233741, -0.289358, 0
-1.38512, -0.275046, -0.288033, 0
-1.38564, -0.31346, -0.289625, 0
-1.38204, -0.366816, -0.29034, 0
-1.38128, -0.406382, -0.289852, 0
-1.37463, -0.446695, -0.288857, 0
-1.37102, -0.502069, -0.288594, 0
-1.36512, -0.542682, -0.288905, 0
-1.36395, -0.598605, -0.292101, 0
-1.35855, -0.622065, -0.292647, 0
-1.35898, -0.645766, -0.293311, 0
-1.35593, -0.691012, -0.295968, 0
-1.35549, -0.718215, -0.297179, 0
-1.35367, -0.747254, -0.297902, 0
-1.34941, -0.787237, -0.299158, 0
-1.34908, -0.816196, -0.299311, 0
-1.34989, -0.841262, -0.300681, 0
-1.34639, -0.884233, -0.301548, 0
-1.34687, -0.91494, -0.300737, 0
-1.34655, -0.941795, -0.301184, 0
-1.34057, -0.996672, -0.302101, 0
-1.33421, -1.02911, -0.301838, 0
-1.27994, 0.38283, -0.307842, 0
-1.27738, 0.344999, -0.305502, 0
-1.28132, 0.32916, -0.303934, 0
-1.27739, 0.311788, -0.301523, 0
-1.28597, 0.302592, -0.300514, 0
-1.28806, 0.29885, -0.298727, 0
-1.42748, -1.10904, -0.31396, 0
-1.45049, -1.08578, -0.315023, 0
-1.4534, -1.05142, -0.315622, 0
-1.523, -1.07139, -0.326126, 0
-1.52718, -1.13711, -0.329978, 0
-1.53384, -1.17545, -0.333735, 0
-1.53507, -1.21441, -0.340525, 0
-1.34187, 0.120101, -0.31547, 0
-1.34675, 0.0879225, -0.315354, 0
-1.35273, 0.0680792, -0.318061, 0
-1.3608, 0.0441634, -0.319631, 0
-1.36813, 0.0253145, -0.321605, 0
-1.37153, -0.000559496, -0.322701, 0
-1.37613, -0.0302384, -0.32414, 0
-1.38643, -0.0683806, -0.324833, 0
-1.39058, -0.110034, -0.324785, 0
-1.39703, -0.172111, -0.322705, 0
-1.40761, -0.208082, -0.323262, 0
-1.41385, -0.244333, -0.321688, 0
-1.42002, -0.28308, -0.32223, 0
-1.4274, -0.318676, -0.322277, 0
-1.42966, -0.361521, -0.322728, 0
-1.43826, -0.396309, -0.325264, 0
-1.44298, -0.434209, -0.324939, 0
-1.44853, -0.47325, -0.327167, 0
-1.44927, -0.509175, -0.326747, 0
-1.45401, -0.546433, -0.32764, 0
-1.4546, -0.585153, -0.327602, 0
-1.45617, -0.622375, -0.329489, 0
-1.46176, -0.659587, -0.331887, 0
-1.46315, -0.697799, -0.333162, 0
-1.46894, -0.731339, -0.334907, 0
-1.47097, -0.764439, -0.335495, 0
-1.47493, -0.792838, -0.336226, 0
-1.09658, 1.45893, -0.291331, 0
-1.11414, 1.41237, -0.294206, 0
-1.12484, 1.35625, -0.294884, 0
-1.1465, 1.29492, -0.297608, 0
-1.16844, 1.22524, -0.299753, 0
-1.18645, 1.15526, -0.301092, 0
-1.19938, 1.08869, -0.301009, 0
-1.20827, 1.0231, -0.301548, 0
-1.21722, 0.970021, -0.30275, 0
-1.22762, 0.909304, -0.30389, 0
-1.23366, 0.83814, -0.304996, 0
-1.24813, 0.771961, -0.30765, 0
-1.24653, 0.695791, -0.306645, 0
-1.2473, 0.642665, -0.305601, 0
-1.25072, 0.611508, -0.305596, 0
-1.24902, 0.598172, -0.303529, 0
-1.25221, 0.60111, -0.3007, 0
-1.25353, 0.609408, -0.296032, 0
-1.2567, 0.615218, -0.294772, 0
-1.2604, 0.623498, -0.293227, 0
-1.26269, 0.628098, -0.291444, 0
-1.27029, 0.633688, -0.289311, 0
-1.28569, 0.634705, -0.287317, 0
-1.29911, 0.625484, -0.285707, 0
-1.3169, 0.602164, -0.283872, 0
-1.35225, 0.549906, -0.280924, 0
-1.37086, 0.502465, -0.278922, 0
-1.39206, 0.461308, -0.277803, 0
-1.42042, 0.427526, -0.277348, 0
-1.44206, 0.397614, -0.275098, 0
-1.47072, 0.376229, -0.275489, 0
-1.4868, 0.358599, -0.273957, 0
-1.5256, 0.35041, -0.277355, 0
-1.53869, 0.337145, -0.27817, 0
-1.56793, 0.329402, -0.281243, 0
-1.5938, 0.334589, -0.286157, 0
-1.62442, 0.359605, -0.29176, 0
-1.66461, 0.423669, -0.297987, 0
-1.68387, 0.439869, -0.300443, 0
-1.8957, 0.564395, -0.332528, 0
-1.93283, 0.560689, -0.3397, 0
-1.98013, 0.54765, -0.350171, 0
-2.0137, 0.53598, -0.356719, 0
-2.02962, 0.52103, -0.360737, 0
-2.06558, 0.503216, -0.367343, 0
-2.09235, 0.497143, -0.372301, 0
-2.12282, 0.502848, -0.378443, 0
-2.15357, 0.51269, -0.385512, 0
-2.17151, 0.537762, -0.389493, 0
-2.23385, 0.586791, -0.399186, 0
-2.25693, 0.621328, -0.404102, 0
-2.28536, 0.649118, -0.409798, 0
-2.31693, 0.681199, -0.413556, 0
-2.36873, 0.720236, -0.418153, 0
-2.3971, 0.74454, -0.421683, 0
-2.42967, 0.770659, -0.425731, 0
-2.47753, 0.797901, -0.43254, 0
-2.498, 0.796964, -0.435215, 0
-2.55041, 0.785699, -0.443456, 0
-2.56913, 0.755198, -0.446721, 0
-2.59167, 0.717294, -0.450952, 0
-2.6308, 0.665468, -0.459175, 0
-2.66211, 0.633376, -0.466225, 0
-2.6888, 0.577396, -0.479031, 0
-2.7225, 0.558371, -0.489576, 0
-2.71007, 0.534035, -0.493488, 0
-2.7227, 0.515687, -0.5021, 0
-2.77758, 0.507424, -0.517541, 0
-2.77914, 0.488862, -0.525159, 0
-2.80822, 0.487766, -0.536926, 0
-2.82314, 0.497834, -0.546226, 0
-2.84343, 0.521151, -0.553294, 0
-2.84735, 0.54446, -0.560742, 0
-2.87627, 0.576383, -0.567815, 0
-2.89147, 0.621114, -0.571022, 0
-2.9198, 0.65324, -0.574254, 0
-2.96141, 0.684563, -0.579276, 0
-2.98219, 0.690329, -0.580094, 0
-3.01231, 0.681157, -0.585182, 0
-3.04574, 0.679951, -0.592737, 0
-3.05199, 0.695023, -0.597236, 0
-3.09117, 0.762431, -0.613832, 0
-3.12377, 0.813784, -0.62795, 0
-3.08888, 0.824679, -0.628678, 0
-3.08739, 0.803992, -0.640737, 0
-3.09172, 0.792903, -0.650077, 0
-3.07119, 0.778569, -0.655723, 0
-3.072, 0.762943, -0.664966, 0
-3.10535, 0.754218, -0.674101, 0
-3.08456, 0.72522, -0.667083, 0
-3.09377, 0.695331, -0.662078, 0
-3.10973, 0.681562, -0.658883, 0
-3.07127, 0.643895, -0.64266, 0
-3.09297, 0.612683, -0.635215, 0
-3.1304, 0.604782, -0.63589, 0
-3.14047, 0.620991, -0.63174, 0
-3.15616, 0.728881, -0.62681, 0
-3.16854, 0.834, -0.624613, 0
-3.15988, 0.934559, -0.620727, 0
-3.21858, 1.07692, -0.629774, 0
-3.21322, 1.14891, -0.627201, 0
-3.2279, 1.223, -0.627238, 0
-3.19484, 1.34705, -0.619397, 0
-3.19354, 1.44651, -0.619551, 0
-3.20635, 1.55483, -0.621244, 0
-3.19012, 1.66551, -0.617392, 0
-3.17579, 1.70819, -0.614324, 0
-3.18441, 1.75219, -0.60922, 0
-3.20956, 1.83631, -0.612429, 0
-3.03011, -2.20966, -0.660403, 0
-3.17748, 1.99966, -0.603103, 0
-3.06845, -2.02673, -0.654521, 0
-3.07791, -1.94799, -0.653039, 0
-3.09618, -1.88938, -0.652808, 0
-3.12056, 2.24241, -0.590717, 0
-3.15552, 2.27367, -0.59558, 0
-3.15264, 2.27635, -0.594159, 0
-3.16462, 2.30238, -0.595056, 0
-3.01315, -1.77012, -0.620529, 0
-3.00642, -1.7562, -0.617179, 0
-2.96163, -1.77063, -0.605076, 0
-2.96571, -1.794, -0.603842, 0
-2.94234, -1.80249, -0.597674, 0
-2.92427, -1.7867, -0.592476, 0
-3.2639, 2.37886, -0.602962, 0
-2.93416, -1.68398, -0.590461, 0
-3.23582, 2.56589, -0.601448, 0
-3.24352, 2.65458, -0.607219, 0
-3.21614, 2.69364, -0.60436, 0
-3.24768, 2.76573, -0.615036, 0
-2.98517, -1.35597, -0.587501, 0
-3.26328, 2.75778, -0.622279, 0
-2.93196, -1.33696, -0.574968, 0
-2.92065, -1.31005, -0.571326, 0
-3.28605, 2.81677, -0.642545, 0
-3.3146, 2.86587, -0.652226, 0
-3.29797, 2.86552, -0.650932, 0
-2.8875, -1.20483, -0.557569, 0
-2.86732, -1.14025, -0.549281, 0
-2.85243, -1.10621, -0.544691, 0
-2.87115, -1.0984, -0.544784, 0
-3.34255, 3.02315, -0.673273, 0
-2.85077, -1.09427, -0.537164, 0
-2.83985, -1.10976, -0.532207, 0
-2.8208, -1.15895, -0.526992, 0
-3.43658, 2.89749, -0.686903, 0
-2.77193, -1.23902, -0.517196, 0
-2.74189, -1.27821, -0.514125, 0
-3.51329, 2.78369, -0.697722, 0
-3.54156, 2.78672, -0.704031, 0
-3.56684, 2.79779, -0.709014, 0
-3.54079, 2.79113, -0.709139, 0
-2.70753, -1.25561, -0.524539, 0
-3.57419, 2.83828, -0.714151, 0
-3.57299, 2.84031, -0.71161, 0
-2.69437, -1.22754, -0.519042, 0
-2.67462, -1.20401, -0.515828, 0
-3.62885, 2.91094, -0.71595, 0
-2.7003, -1.10669, -0.515556, 0
-3.62312, 3.13247, -0.710328, 0
-2.73414, -0.922703, -0.520737, 0